id,conversation_id,created_at,date,time,timezone,user_id,username,name,place,tweet,mentions,urls,photos,replies_count,retweets_count,likes_count,hashtags,cashtags,link,retweet,quote_url,video,near,geo,source,user_rt_id,user_rt,retweet_id,reply_to,retweet_date
1188616271363039234,1188615661557370880,1572223177000,2019-10-27,21:39:37,-03,97285850,baxter_campos_,Baxter Campos,,@inddhh @ONU_es @ONU_derechos @ONUChile #Pi√±eraViolaLosDDHH #Pi√±eraDictador #EstoPasaEnChile #ChileDesperto #LosMilicosNoSonTusAmigos #NoMasTorturas,"['meganoticiascl', 'inddhh', 'onu_es', 'onu_derechos', 'onuchile']",[],[],0,0,0,"['#pi√±eraviolalosddhh', '#pi√±eradictador', '#estopasaenchile', '#chiledesperto', '#losmilicosnosontusamigos', '#nomastorturas']",[],https://twitter.com/Baxter_Campos_/status/1188616271363039234,False,,0,,,,,,,"[{'user_id': '97285850', 'username': 'Baxter_Campos_'}, {'user_id': '58048133', 'username': 'meganoticiascl'}, {'user_id': '183315665', 'username': 'inddhh'}, {'user_id': '119844526', 'username': 'ONU_es'}, {'user_id': '139727749', 'username': 'ONU_derechos'}, {'user_id': '573997887', 'username': 'ONUChile'}]",
1188612521831342080,1188096528923189249,1572222283000,2019-10-27,21:24:43,-03,97285850,baxter_campos_,Baxter Campos,,@inddhh @ONU_es @ONU_derechos @ONUChile #EstoPasaEnChile #ChileDesperto #LosMilicosNoSonTusAmigos #NoMasTorturas #Pi√±eraViolaLosDDHH #Pi√±eraDictador #EstoNoHaTerminado,"['krammnicole', 'ffpuntito', 'inddhh', 'onu_es', 'onu_derechos', 'onuchile']",[],[],0,0,0,"['#estopasaenchile', '#chiledesperto', '#losmilicosnosontusamigos', '#nomastorturas', '#pi√±eraviolalosddhh', '#pi√±eradictador', '#estonohaterminado']",[],https://twitter.com/Baxter_Campos_/status/1188612521831342080,False,,0,,,,,,,"[{'user_id': '97285850', 'username': 'Baxter_Campos_'}, {'user_id': '873076138192510976', 'username': 'KrammNicole'}, {'user_id': '348756711', 'username': 'FFPUNTITO'}, {'user_id': '183315665', 'username': 'inddhh'}, {'user_id': '119844526', 'username': 'ONU_es'}, {'user_id': '139727749', 'username': 'ONU_derechos'}, {'user_id': '573997887', 'username': 'ONUChile'}]",
1188609656513552384,1188609656513552384,1572221600000,2019-10-27,21:13:20,-03,15601177,neutroweb,Patricio #ChileNoQuiereMigajas Olivares S.,,#LoQueLaTeleNoMuestra #PacoCuliao üò° #LosMilicosNoSonTusAmigos  pic.twitter.com/De4tLYZlSB,[],[],['https://pbs.twimg.com/media/EH7KK-KXkAAPaP3.jpg'],0,0,0,"['#loquelatelenomuestra', '#pacoculiao', '#losmilicosnosontusamigos']",[],https://twitter.com/neutroweb/status/1188609656513552384,False,,0,,,,,,,"[{'user_id': '15601177', 'username': 'neutroweb'}]",
1188609204023640066,1188609204023640066,1572221492000,2019-10-27,21:11:32,-03,156998197,alexeyaxel,#RenunciaPi√±era,,Se viene algo muy grave .... #wearetheresistance #SomosLaResistencia. ‚úäüèº #NoM√°sTorturas #ChileQuiereCambios #losmilicosnosontusamigos #renunciachadwick #ChadwickASESINO #pi√±eraasesino #ChileDespert√≥ #Chile #Santiago #LosAliensNosInvaden pic.twitter.com/wvXz6kj1J8,[],[],[],0,0,0,"['#wearetheresistance', '#somoslaresistencia', '#nom√°storturas', '#chilequierecambios', '#losmilicosnosontusamigos', '#renunciachadwick', '#chadwickasesino', '#pi√±eraasesino', '#chiledespert√≥', '#chile', '#santiago', '#losaliensnosinvaden']",[],https://twitter.com/AlexeyAxel/status/1188609204023640066,False,,1,,,,,,,"[{'user_id': '156998197', 'username': 'AlexeyAxel'}]",
1188608709917921280,1188608709917921280,1572221374000,2019-10-27,21:09:34,-03,893841683238072320,knucklehead_198,Knucklehead 198,,"Please rt!! ‚ÄúChile Carabineros shoots woman in a wheelchair  https://youtu.be/ifnKNpK6SJ4¬† via 
@YouTube
#LosMilicosNoSonTusAmigos#FueraPi√±eraDictador#Pi√±eraViolatesHumanRights#PineraWeDontForgiveYou#ThisHappensInChile‚Äù  https://twitter.com/MaarceOrtiz/status/1187567226456592390¬†‚Ä¶",['youtube'],"['https://youtu.be/ifnKNpK6SJ4', 'https://twitter.com/MaarceOrtiz/status/1187567226456592390']",[],0,1,0,[],[],https://twitter.com/knucklehead_198/status/1188608709917921280,False,https://twitter.com/MaarceOrtiz/status/1187567226456592390,0,,,,,,,"[{'user_id': '893841683238072320', 'username': 'knucklehead_198'}, {'user_id': '10228272', 'username': 'YouTube'}]",
1188606292992114688,1188478889963769858,1572220798000,2019-10-27,20:59:58,-03,767166153177399300,politrukz,Jimmy ‚ò≠ ‚ú™,,"#LosMilicosNoSonTusAmigos
#LosMilicosNoSonTusAmigos",['ejercito_chile'],[],[],0,0,1,"['#losmilicosnosontusamigos', '#losmilicosnosontusamigos']",[],https://twitter.com/politrukz/status/1188606292992114688,False,,0,,,,,,,"[{'user_id': '767166153177399300', 'username': 'politrukz'}, {'user_id': '105197626', 'username': 'Ejercito_Chile'}]",
1188606120446844936,1188606120446844936,1572220757000,2019-10-27,20:59:17,-03,3763059802,mabeatriz_008,Beatriz. üëâPi√±era Renuncia.,,"#LoQueLaTeleNoMuestra
#LosMilicosNoSonTusAmigos  https://twitter.com/Mario90361085/status/1188486795866050562¬†‚Ä¶",[],['https://twitter.com/Mario90361085/status/1188486795866050562'],[],0,1,3,"['#loquelatelenomuestra', '#losmilicosnosontusamigos']",[],https://twitter.com/mabeatriz_008/status/1188606120446844936,False,https://twitter.com/Mario90361085/status/1188486795866050562,0,,,,,,,"[{'user_id': '3763059802', 'username': 'mabeatriz_008'}]",
1188599533183393794,1188599533183393794,1572219186000,2019-10-27,20:33:06,-03,1551528024,jony_castro87,Jonathan üëäüèÅ,,"Lavado de imagen a quienes disparan y matan a sus propio pueblo. 
#LosMilicosNoSonTusAmigos  https://twitter.com/Ejercito_Chile/status/1188478889963769858¬†‚Ä¶",[],['https://twitter.com/Ejercito_Chile/status/1188478889963769858'],[],0,0,0,['#losmilicosnosontusamigos'],[],https://twitter.com/Jony_Castro87/status/1188599533183393794,False,https://twitter.com/Ejercito_Chile/status/1188478889963769858,0,,,,,,,"[{'user_id': '1551528024', 'username': 'Jony_Castro87'}]",
1188599128512782336,1188594135885864966,1572219089000,2019-10-27,20:31:29,-03,97285850,baxter_campos_,Baxter Campos,,@inddhh @ONU_es @ONU_derechos @ONUChile #estopasaenChile #ChileDesperto #LosMilicosNoSonTusAmigos #NoMasTorturas #Pi√±eraViolaLosDDHH #ChileNoSeRinde #ChileNoQuiereMigajas #Pi√±eraDictador,"['ro_saavedram', 'trigorosa', 'inddhh', 'onu_es', 'onu_derechos', 'onuchile']",[],[],0,0,0,"['#estopasaenchile', '#chiledesperto', '#losmilicosnosontusamigos', '#nomastorturas', '#pi√±eraviolalosddhh', '#chilenoserinde', '#chilenoquieremigajas', '#pi√±eradictador']",[],https://twitter.com/Baxter_Campos_/status/1188599128512782336,False,,0,,,,,,,"[{'user_id': '97285850', 'username': 'Baxter_Campos_'}, {'user_id': '1121617915717931008', 'username': 'Ro_SaavedraM'}, {'user_id': '110517361', 'username': 'trigorosa'}, {'user_id': '183315665', 'username': 'inddhh'}, {'user_id': '119844526', 'username': 'ONU_es'}, {'user_id': '139727749', 'username': 'ONU_derechos'}, {'user_id': '573997887', 'username': 'ONUChile'}]",
1188597551613841408,1188597551613841408,1572218714000,2019-10-27,20:25:14,-03,2196322258,donmuroni,Áà™Â∞∫. ‰∏ÇÂçÑ‰πá„Ñ•‰πÉ„Ñö,,#LoQueLaTeleNoMuestra #LosMilicosNoSonTusAmigos #LoQueNoVeranEnLaPrensa https://twitter.com/PiensaPrensa/status/1188583148420026368¬†‚Ä¶,[],['https://twitter.com/PiensaPrensa/status/1188583148420026368'],[],0,0,0,"['#loquelatelenomuestra', '#losmilicosnosontusamigos', '#loquenoveranenlaprensa']",[],https://twitter.com/DonMuroni/status/1188597551613841408,False,https://twitter.com/PiensaPrensa/status/1188583148420026368,0,,,,,,,"[{'user_id': '2196322258', 'username': 'DonMuroni'}]",
1188596900339113984,1188596900339113984,1572218558000,2019-10-27,20:22:38,-03,964982790147268613,kangelicaraffo1,kangelicaraffo,,#ChileNoSeRinde @PiensaPrensa #PlebiscitoConstituyente #lospacosnosontusamigos #LosMilicosNoSonTusAmigos #ChileResiste #renunciapi√±era https://twitter.com/kilaleo/status/1188421768706441216¬†‚Ä¶,['piensaprensa'],['https://twitter.com/kilaleo/status/1188421768706441216'],[],0,0,0,"['#chilenoserinde', '#plebiscitoconstituyente', '#lospacosnosontusamigos', '#losmilicosnosontusamigos', '#chileresiste', '#renunciapi√±era']",[],https://twitter.com/kangelicaraffo1/status/1188596900339113984,False,https://twitter.com/kilaleo/status/1188421768706441216,0,,,,,,,"[{'user_id': '964982790147268613', 'username': 'kangelicaraffo1'}, {'user_id': '3517444829', 'username': 'PiensaPrensa'}]",
1188592587491495939,1188592587491495939,1572217530000,2019-10-27,20:05:30,-03,2517012268,moifiguero,KON SHE TUMARE,,#RenunciaPi√±era #ChadwikAsesino #AcusacionConstitucionalPi√±era #CambioalaconstituciondeChile #RenunciaChadwick #pacoscobardes #LosMilicosNoSonTusAmigos  https://twitter.com/loayalau/status/1188589010672848897¬†‚Ä¶,[],['https://twitter.com/loayalau/status/1188589010672848897'],[],0,2,1,"['#renunciapi√±era', '#chadwikasesino', '#acusacionconstitucionalpi√±era', '#cambioalaconstituciondechile', '#renunciachadwick', '#pacoscobardes', '#losmilicosnosontusamigos']",[],https://twitter.com/moifiguero/status/1188592587491495939,False,https://twitter.com/loayalau/status/1188589010672848897,0,,,,,,,"[{'user_id': '2517012268', 'username': 'moifiguero'}]",
1188592412559663104,1188592412559663104,1572217488000,2019-10-27,20:04:48,-03,96574245,heroinafrivola,Patita Marina,,"#LosMilicosNoSonTusAmigos
#LoQueLaTeleNoMuestra https://twitter.com/eedusud/status/1188575284230012928¬†‚Ä¶",[],['https://twitter.com/eedusud/status/1188575284230012928'],[],0,1,1,"['#losmilicosnosontusamigos', '#loquelatelenomuestra']",[],https://twitter.com/heroinafrivola/status/1188592412559663104,False,https://twitter.com/eedusud/status/1188575284230012928,0,,,,,,,"[{'user_id': '96574245', 'username': 'heroinafrivola'}]",
1188592259132018688,1188591204251783176,1572217452000,2019-10-27,20:04:12,-03,97285850,baxter_campos_,Baxter Campos,,#EstoNoHaTerminado #EstoPasaEnChile #ChileDesperto #LosMilicosNoSonTusAmigos #NoMasTorturas #Pi√±eraViolaLosDerechosHumanos #Pi√±eraDictador @inddhh @ONU_es @ONU_derechos,"['publimetrochile', 'inddhh', 'onu_es', 'onu_derechos']",[],[],1,0,0,"['#estonohaterminado', '#estopasaenchile', '#chiledesperto', '#losmilicosnosontusamigos', '#nomastorturas', '#pi√±eraviolalosderechoshumanos', '#pi√±eradictador']",[],https://twitter.com/Baxter_Campos_/status/1188592259132018688,False,,0,,,,,,,"[{'user_id': '97285850', 'username': 'Baxter_Campos_'}, {'user_id': '54115409', 'username': 'PublimetroChile'}, {'user_id': '183315665', 'username': 'inddhh'}, {'user_id': '119844526', 'username': 'ONU_es'}, {'user_id': '139727749', 'username': 'ONU_derechos'}]",
1188591848710983685,1188591848710983685,1572217354000,2019-10-27,20:02:34,-03,2517012268,moifiguero,KON SHE TUMARE,,"#RenunciaPi√±era #ChadwikAsesino
#AcusacionConstitucionalPi√±era #pacoscobardes #LosMilicosNoSonTusAmigos  https://twitter.com/GAMBA_CL/status/1188566049949663234¬†‚Ä¶",[],['https://twitter.com/GAMBA_CL/status/1188566049949663234'],[],0,1,0,"['#renunciapi√±era', '#chadwikasesino', '#acusacionconstitucionalpi√±era', '#pacoscobardes', '#losmilicosnosontusamigos']",[],https://twitter.com/moifiguero/status/1188591848710983685,False,https://twitter.com/GAMBA_CL/status/1188566049949663234,0,,,,,,,"[{'user_id': '2517012268', 'username': 'moifiguero'}]",
1188591390185480194,1188586203144167425,1572217245000,2019-10-27,20:00:45,-03,97285850,baxter_campos_,Baxter Campos,,#EstoNoHaTerminado #EstoPasaEnChile #ChileDesperto #LosMilicosNoSonTusAmigos #NoMasTorturas @inddhh @ONU_es @ONUChile @ONU_derechos,"['biobio', 'inddhh', 'onu_es', 'onuchile', 'onu_derechos']",[],[],0,0,0,"['#estonohaterminado', '#estopasaenchile', '#chiledesperto', '#losmilicosnosontusamigos', '#nomastorturas']",[],https://twitter.com/Baxter_Campos_/status/1188591390185480194,False,,0,,,,,,,"[{'user_id': '97285850', 'username': 'Baxter_Campos_'}, {'user_id': '14638581', 'username': 'biobio'}, {'user_id': '183315665', 'username': 'inddhh'}, {'user_id': '119844526', 'username': 'ONU_es'}, {'user_id': '573997887', 'username': 'ONUChile'}, {'user_id': '139727749', 'username': 'ONU_derechos'}]",
1188586335965237248,1188586335965237248,1572216040000,2019-10-27,19:40:40,-03,95245271,r010ide,R010,,#PineraViolaDDH #EstoNoHaTerminado #LosMilicosNoSonTusAmigos  https://twitter.com/piensaprensa/status/1188553325215735812¬†‚Ä¶,[],['https://twitter.com/piensaprensa/status/1188553325215735812'],[],0,1,0,"['#pineravioladdh', '#estonohaterminado', '#losmilicosnosontusamigos']",[],https://twitter.com/r010ide/status/1188586335965237248,False,https://twitter.com/PiensaPrensa/status/1188553325215735812,0,,,,,,,"[{'user_id': '95245271', 'username': 'r010ide'}]",
1188576624679247872,1188576624679247872,1572213724000,2019-10-27,19:02:04,-03,631295241,kataltamirano,Kata üíöüíú,,#PineraViolaLosDDHH #ChileViolatesHumanRights #NoMasTorturas #LosMilicosNoSonTusAmigos  https://twitter.com/ciper/status/1188221293017079808¬†‚Ä¶,[],['https://twitter.com/ciper/status/1188221293017079808'],[],0,0,0,"['#pineraviolalosddhh', '#chileviolateshumanrights', '#nomastorturas', '#losmilicosnosontusamigos']",[],https://twitter.com/kataltamirano/status/1188576624679247872,False,https://twitter.com/ciper/status/1188221293017079808,0,,,,,,,"[{'user_id': '631295241', 'username': 'kataltamirano'}]",
1188576286245113856,1188544908933718017,1572213643000,2019-10-27,19:00:43,-03,809703936,carlitrosdereng,üí´ Toqui Estelar üëΩ,centro tortura,"Y que pasa despu√©s?
 Pastillitas de amnesia doctor?

#LosMilicosNoSonTusAmigos
#EstoNoHaTerminado ‚Äì en centro tortura",['chvnoticias'],[],[],0,0,7,"['#losmilicosnosontusamigos', '#estonohaterminado']",[],https://twitter.com/carlitrosdereng/status/1188576286245113856,False,,0,,,,,,,"[{'user_id': '809703936', 'username': 'carlitrosdereng'}, {'user_id': '51326671', 'username': 'CHVNoticias'}]",
1188567303958548480,1188567303958548480,1572211502000,2019-10-27,18:25:02,-03,840548055338385409,elircarvajal,Ekarv97,,#ChileViolatesHumanRights #ChileDesperto #ChileQuierePaz #ChileEnMarcha #QueRenuncienTodos #QueSeVayanLosMilicosŸã #NuevoPactoSocial #NuevaConstituci√≥nParaChile #LosMilicosNoSonTusAmigos  https://twitter.com/Laaura_Espina/status/1188549843179974657¬†‚Ä¶,[],['https://twitter.com/Laaura_Espina/status/1188549843179974657'],[],0,0,0,"['#chileviolateshumanrights', '#chiledesperto', '#chilequierepaz', '#chileenmarcha', '#querenuncientodos', '#quesevayanlosmilicosŸã', '#nuevopactosocial', '#nuevaconstituci√≥nparachile', '#losmilicosnosontusamigos']",[],https://twitter.com/ElirCarvajal/status/1188567303958548480,False,https://twitter.com/Laaura_Espina/status/1188549843179974657,0,,,,,,,"[{'user_id': '840548055338385409', 'username': 'ElirCarvajal'}]",
1188567037758582785,1188567037758582785,1572211438000,2019-10-27,18:23:58,-03,3453128597,pablinachacon,nina,,"Herman@s prometemos que esto va a cambiar por ustedes en su memoria no bajaremos los brazos @sebastianpinera  Asesino no te perdonamos #EstoNoHaTerminado
#LaRebelionDeLosMansos
#NiPerdonNiOlvido
#LosMilicosNoSonTusAmigos  https://twitter.com/pitiaITA_/status/1188261211126808576¬†‚Ä¶",['sebastianpinera'],['https://twitter.com/pitiaITA_/status/1188261211126808576'],[],0,0,2,"['#estonohaterminado', '#larebeliondelosmansos', '#niperdonniolvido', '#losmilicosnosontusamigos']",[],https://twitter.com/PablinaChacon/status/1188567037758582785,False,https://twitter.com/pitiaITA_/status/1188261211126808576,0,,,,,,,"[{'user_id': '3453128597', 'username': 'PablinaChacon'}, {'user_id': '13623532', 'username': 'sebastianpinera'}]",
1188563555714506752,1188563555714506752,1572210608000,2019-10-27,18:10:08,-03,156998197,alexeyaxel,#RenunciaPi√±era,,"Los del @gobiernodechile son los verdaderos #Terroristas -
-
Foto: an√≥nima. -
-
-
#wearetheresistance #SomosLaResistencia. ‚úäüèº #NoM√°sTorturas #ChileQuiereCambios #losmilicosnosontusamigos #renunciachadwick #ChadwickASESINO #pi√±eraasesino #ChileDespert√≥ #Chile #Santiago #√ëu√±o‚Ä¶ pic.twitter.com/wCYebMyi6N",['gobiernodechile'],[],['https://pbs.twimg.com/media/EH6gQWYWkAAsApQ.jpg'],0,4,3,"['#terroristas', '#wearetheresistance', '#somoslaresistencia', '#nom√°storturas', '#chilequierecambios', '#losmilicosnosontusamigos', '#renunciachadwick', '#chadwickasesino', '#pi√±eraasesino', '#chiledespert√≥', '#chile', '#santiago', '#√±u√±o']",[],https://twitter.com/AlexeyAxel/status/1188563555714506752,False,,0,,,,,,,"[{'user_id': '156998197', 'username': 'AlexeyAxel'}, {'user_id': '42102939', 'username': 'GobiernodeChile'}]",
1188562302708211713,1188544908933718017,1572210310000,2019-10-27,18:05:10,-03,767166153177399300,politrukz,Jimmy ‚ò≠ ‚ú™,,"Lavado de imagen
#LosMilicosNoSonTusAmigos",['chvnoticias'],[],[],0,0,0,['#losmilicosnosontusamigos'],[],https://twitter.com/politrukz/status/1188562302708211713,False,,0,,,,,,,"[{'user_id': '767166153177399300', 'username': 'politrukz'}, {'user_id': '51326671', 'username': 'CHVNoticias'}]",
1188559246759202816,1188559246759202816,1572209581000,2019-10-27,17:53:01,-03,93332794,don_nico,#ChileViolatesHumanRights,,#Pi√±eraRenuncia #RenunciaPi√±era #ChadwickAsesino #QueSeVayanLosMilicos #EstoPasaEnChile #LosMilicosNoSonTusAmigos #Pi√±eraViolaDDHH #ChileNoSeRinde #EstoNoHaTerminado  https://www.instagram.com/p/B4IsB0Ah5IA/?igshid=5pn1z3ppqg76¬†‚Ä¶,[],['https://www.instagram.com/p/B4IsB0Ah5IA/?igshid=5pn1z3ppqg76'],[],1,0,0,"['#pi√±erarenuncia', '#renunciapi√±era', '#chadwickasesino', '#quesevayanlosmilicos', '#estopasaenchile', '#losmilicosnosontusamigos', '#pi√±eravioladdhh', '#chilenoserinde', '#estonohaterminado']",[],https://twitter.com/Don_Nico/status/1188559246759202816,False,,0,,,,,,,"[{'user_id': '93332794', 'username': 'Don_Nico'}]",
1188559129100668928,1188559129100668928,1572209553000,2019-10-27,17:52:33,-03,156998197,alexeyaxel,#RenunciaPi√±era,,"Los del @gobiernodechile son los verdaderos #Terroristas -
-
Foto: an√≥nima. -
-
-
#wearetheresistance #SomosLaResistencia. ‚úäüèº #NoM√°sTorturas #ChileQuiereCambios #losmilicosnosontusamigos #renunciachadwick #ChadwickASESINO #pi√±eraasesino #ChileDespert√≥ #‚Ä¶  https://ift.tt/31Xdtgc¬† pic.twitter.com/3wnK11hwk0",['gobiernodechile'],['https://ift.tt/31Xdtgc'],['https://pbs.twimg.com/media/EH6cOq3WsAEXtsX.jpg'],0,2,2,"['#terroristas', '#wearetheresistance', '#somoslaresistencia', '#nom√°storturas', '#chilequierecambios', '#losmilicosnosontusamigos', '#renunciachadwick', '#chadwickasesino', '#pi√±eraasesino', '#chiledespert√≥']",[],https://twitter.com/AlexeyAxel/status/1188559129100668928,False,,0,,,,,,,"[{'user_id': '156998197', 'username': 'AlexeyAxel'}, {'user_id': '42102939', 'username': 'GobiernodeChile'}]",
1188557434719219713,1188557434719219713,1572209149000,2019-10-27,17:45:49,-03,1130683887993200641,meta_morfosisb,Degu Matapaco üÉè,,Nooooo!!!!! Jsjfjsjsjsjdja #LosMilicosNoSonTusAmigos  https://twitter.com/yoongichoripan/status/1188499338009436164¬†‚Ä¶,[],['https://twitter.com/yoongichoripan/status/1188499338009436164'],[],0,0,0,['#losmilicosnosontusamigos'],[],https://twitter.com/Meta_morfosisB/status/1188557434719219713,False,https://twitter.com/YoongiChoripan/status/1188499338009436164,0,,,,,,,"[{'user_id': '1130683887993200641', 'username': 'Meta_morfosisB'}]",
1188557054778269696,1188557054778269696,1572209058000,2019-10-27,17:44:18,-03,156998197,alexeyaxel,#RenunciaPi√±era,,"Los del @gobiernodechile son los verdaderos #Terroristas -
-
Foto: an√≥nima. -
-
-
#wearetheresistance #SomosLaResistencia. ‚úäüèº #NoM√°sTorturas #ChileQuiereCambios #losmilicosnosontusamigos #renunciachadwick #ChadwickASESINO #pi√±eraasesino #ChileDespert√≥ #Chile #Santiago #√ëu√±o‚Ä¶ pic.twitter.com/WkRulYWgxy",['gobiernodechile'],[],['https://pbs.twimg.com/media/EH6aV64X0AIzuSX.jpg'],0,0,0,"['#terroristas', '#wearetheresistance', '#somoslaresistencia', '#nom√°storturas', '#chilequierecambios', '#losmilicosnosontusamigos', '#renunciachadwick', '#chadwickasesino', '#pi√±eraasesino', '#chiledespert√≥', '#chile', '#santiago', '#√±u√±o']",[],https://twitter.com/AlexeyAxel/status/1188557054778269696,False,,0,,,,,,,"[{'user_id': '156998197', 'username': 'AlexeyAxel'}, {'user_id': '42102939', 'username': 'GobiernodeChile'}]",
1188553391858946048,1188553391858946048,1572208185000,2019-10-27,17:29:45,-03,2517012268,moifiguero,KON SHE TUMARE,,"#RenunciaPi√±era #ChadwikAsesino #AcusacionConstitucionalPi√±era #CambioalaconstituciondeChile
#CarabinerosCobardes
#LosMilicosNoSonTusAmigos
#PineraViolatesHumanRights
#PineraViolaDerechosHumanos https://twitter.com/teleSURtv/status/1188495826672410626¬†‚Ä¶",[],['https://twitter.com/teleSURtv/status/1188495826672410626'],[],0,1,0,"['#renunciapi√±era', '#chadwikasesino', '#acusacionconstitucionalpi√±era', '#cambioalaconstituciondechile', '#carabineroscobardes', '#losmilicosnosontusamigos', '#pineraviolateshumanrights', '#pineravioladerechoshumanos']",[],https://twitter.com/moifiguero/status/1188553391858946048,False,https://twitter.com/teleSURtv/status/1188495826672410626,0,,,,,,,"[{'user_id': '2517012268', 'username': 'moifiguero'}]",
1188552474996695040,1188552474996695040,1572207966000,2019-10-27,17:26:06,-03,1128662079320334336,mercedescente16,mercedescentena2,,"#Chile , del jueves .
Herido en Concepci√≥n por parte de Carabineros le dispararon una bomba lacrim√≥gena en la cabeza, hace minutos.

#ChileQuiereCambios #LosMilicosNoSonTusAmigos
 https://twitter.com/rsumen/status/1187471015799971840¬†‚Ä¶  https://www.facebook.com/Infestu/videos/617987442065881/?notif_id=1572207488229487&notif_t=page_highlights¬†‚Ä¶",[],"['https://twitter.com/rsumen/status/1187471015799971840', 'https://www.facebook.com/Infestu/videos/617987442065881/?notif_id=1572207488229487&notif_t=page_highlights']",[],0,0,0,"['#chile', '#chilequierecambios', '#losmilicosnosontusamigos']",[],https://twitter.com/mercedescente16/status/1188552474996695040,False,https://twitter.com/rsumen/status/1187471015799971840,0,,,,,,,"[{'user_id': '1128662079320334336', 'username': 'mercedescente16'}]",
1188550255001985025,1188550255001985025,1572207437000,2019-10-27,17:17:17,-03,1356002005,toloza_rc,Roberto Toloza,,"#PineraViolaDerechosHumanos
#ChileQuiereCambios
#LosMilicosNoSonTusAmigos
#RenunciaPi√±era @sebastianpinera
@inddhh https://twitter.com/Parraseando/status/1188471102290513925¬†‚Ä¶","['sebastianpinera', 'inddhh']",['https://twitter.com/Parraseando/status/1188471102290513925'],[],0,0,0,"['#pineravioladerechoshumanos', '#chilequierecambios', '#losmilicosnosontusamigos', '#renunciapi√±era']",[],https://twitter.com/Toloza_RC/status/1188550255001985025,False,https://twitter.com/Parraseando/status/1188471102290513925,0,,,,,,,"[{'user_id': '1356002005', 'username': 'Toloza_RC'}, {'user_id': '13623532', 'username': 'sebastianpinera'}, {'user_id': '183315665', 'username': 'inddhh'}]",
1188549809696841731,1188549809696841731,1572207331000,2019-10-27,17:15:31,-03,1230573961,wanheda_arg,Vanesa,,#EstoPasaEnChileŸã #EstoNoHaTerminadoŸã #LosMilicosNoSonTusAmigos  https://twitter.com/natacisterna/status/1188456118877655040¬†‚Ä¶,[],['https://twitter.com/natacisterna/status/1188456118877655040'],[],0,0,0,"['#estopasaenchileŸã', '#estonohaterminadoŸã', '#losmilicosnosontusamigos']",[],https://twitter.com/wanheda_arg/status/1188549809696841731,False,https://twitter.com/Natacisterna/status/1188456118877655040,0,,,,,,,"[{'user_id': '1230573961', 'username': 'wanheda_arg'}]",
1188549314697670656,1188549314697670656,1572207213000,2019-10-27,17:13:33,-03,2517012268,moifiguero,KON SHE TUMARE,,"#RenunciaPi√±era #ChadwikAsesino
#AcusacionConstitucionalPi√±era #CambioalaconstituciondeChile
#CarabinerosCobardes
#LosMilicosNoSonTusAmigos
#PineraViolatesHumanRights
#PineraViolaDerechosHumanos https://twitter.com/GerardoPimenton/status/1188541651750395904¬†‚Ä¶",[],['https://twitter.com/GerardoPimenton/status/1188541651750395904'],[],0,3,2,"['#renunciapi√±era', '#chadwikasesino', '#acusacionconstitucionalpi√±era', '#cambioalaconstituciondechile', '#carabineroscobardes', '#losmilicosnosontusamigos', '#pineraviolateshumanrights', '#pineravioladerechoshumanos']",[],https://twitter.com/moifiguero/status/1188549314697670656,False,https://twitter.com/GerardoPimenton/status/1188541651750395904,0,,,,,,,"[{'user_id': '2517012268', 'username': 'moifiguero'}]",
1188548844608458752,1188544908933718017,1572207101000,2019-10-27,17:11:41,-03,544770255,paulimangas,Paulina Mangas,,No se les nota nada #LosMilicosNoSonTusAmigos,['chvnoticias'],[],[],0,0,0,['#losmilicosnosontusamigos'],[],https://twitter.com/paulimangas/status/1188548844608458752,False,,0,,,,,,,"[{'user_id': '544770255', 'username': 'paulimangas'}, {'user_id': '51326671', 'username': 'CHVNoticias'}]",
1188548703285633024,1188548703285633024,1572207067000,2019-10-27,17:11:07,-03,795955870584537089,marcepmz,Marce y punto.,,Y les creen cuando andan dando abrazos o jugando a la pelota!!! üòíüòí #NuevaConstitucion #PineraViolaDerechosHumanos #LosMilicosNoSonTusAmigos  https://twitter.com/PiensaPrensa/status/1188168712660144135¬†‚Ä¶,[],['https://twitter.com/PiensaPrensa/status/1188168712660144135'],[],0,0,0,"['#nuevaconstitucion', '#pineravioladerechoshumanos', '#losmilicosnosontusamigos']",[],https://twitter.com/marcepmz/status/1188548703285633024,False,https://twitter.com/PiensaPrensa/status/1188168712660144135,0,,,,,,,"[{'user_id': '795955870584537089', 'username': 'marcepmz'}]",
1188533341005537281,1188533341005537281,1572203405000,2019-10-27,16:10:05,-03,156998197,alexeyaxel,#RenunciaPi√±era,,#wearetheresistance #SomosLaResistencia. ‚úäüèº #NoM√°sTorturas #ChileQuiereCambios #losmilicosnosontusamigos #renunciachadwick #ChadwickASESINO #pi√±eraasesino #ChileDespert√≥ #Chile #Santiago #√ëu√±oa #Plaza√ëu√±oa pic.twitter.com/2Zn71jkj3z,[],[],['https://pbs.twimg.com/media/EH6ExnxXkAE5BHX.jpg'],0,1,4,"['#wearetheresistance', '#somoslaresistencia', '#nom√°storturas', '#chilequierecambios', '#losmilicosnosontusamigos', '#renunciachadwick', '#chadwickasesino', '#pi√±eraasesino', '#chiledespert√≥', '#chile', '#santiago', '#√±u√±oa', '#plaza√±u√±oa']",[],https://twitter.com/AlexeyAxel/status/1188533341005537281,False,,0,,,,,,,"[{'user_id': '156998197', 'username': 'AlexeyAxel'}]",
1188532848044756993,1188532848044756993,1572203287000,2019-10-27,16:08:07,-03,1372862233,pedrogonzalezta,Pedro Gonzalez Tapia,,#LosMilicosNoSonTusAmigos #LosMilicosSonTusEnemigos https://twitter.com/martileon5/status/1186998780278820872¬†‚Ä¶,[],['https://twitter.com/martileon5/status/1186998780278820872'],[],0,1,0,"['#losmilicosnosontusamigos', '#losmilicossontusenemigos']",[],https://twitter.com/PedroGonzalezTa/status/1188532848044756993,False,https://twitter.com/MartiLeon5/status/1186998780278820872,0,,,,,,,"[{'user_id': '1372862233', 'username': 'PedroGonzalezTa'}]",
1188532076623978496,1188532076623978496,1572203103000,2019-10-27,16:05:03,-03,18631838,_mrska_,Mrs. Ka,,"Ya, y los milicos fuera de las calles ¬øcu√°ndo?

#NoMasTorturas #LosMilicosNoSonTusAmigos #ChileViolaLosDerechosHumanos #pi√±eravioladdhh #nuevopacto #chilenoserinde https://twitter.com/latercera/status/1188529814543704064¬†‚Ä¶",[],['https://twitter.com/latercera/status/1188529814543704064'],[],0,1,0,"['#nomastorturas', '#losmilicosnosontusamigos', '#chileviolalosderechoshumanos', '#pi√±eravioladdhh', '#nuevopacto', '#chilenoserinde']",[],https://twitter.com/_MrsKa_/status/1188532076623978496,False,https://twitter.com/latercera/status/1188529814543704064,0,,,,,,,"[{'user_id': '18631838', 'username': '_MrsKa_'}]",
1188528906506293249,1188528906506293249,1572202347000,2019-10-27,15:52:27,-03,156998197,alexeyaxel,#RenunciaPi√±era,,#wearetheresistance #SomosLaResistencia. ‚úäüèº #NoM√°sTorturas #ChileQuiereCambios #losmilicosnosontusamigos #renunciachadwick #ChadwickASESINO #pi√±eraasesino #ChileDespert√≥ #Chile #Santiago #√ëu√±oa #Plaza√ëu√±oa  https://ift.tt/2phpW0M¬† pic.twitter.com/LwbCStUmK8,[],['https://ift.tt/2phpW0M'],['https://pbs.twimg.com/media/EH6AvfsWoAkoj2n.jpg'],0,1,1,"['#wearetheresistance', '#somoslaresistencia', '#nom√°storturas', '#chilequierecambios', '#losmilicosnosontusamigos', '#renunciachadwick', '#chadwickasesino', '#pi√±eraasesino', '#chiledespert√≥', '#chile', '#santiago', '#√±u√±oa', '#plaza√±u√±oa']",[],https://twitter.com/AlexeyAxel/status/1188528906506293249,False,,0,,,,,,,"[{'user_id': '156998197', 'username': 'AlexeyAxel'}]",
1188526903986143232,1188526903986143232,1572201870000,2019-10-27,15:44:30,-03,156998197,alexeyaxel,#RenunciaPi√±era,,#wearetheresistance #SomosLaResistencia. ‚úäüèº #NoM√°sTorturas #ChileQuiereCambios #losmilicosnosontusamigos #renunciachadwick #ChadwickASESINO #pi√±eraasesino #ChileDespert√≥ #Chile #Santiago #√ëu√±oa #Plaza√ëu√±oa pic.twitter.com/5ohbYJdK30,[],[],['https://pbs.twimg.com/media/EH5-68JXUAISxhB.jpg'],0,1,1,"['#wearetheresistance', '#somoslaresistencia', '#nom√°storturas', '#chilequierecambios', '#losmilicosnosontusamigos', '#renunciachadwick', '#chadwickasesino', '#pi√±eraasesino', '#chiledespert√≥', '#chile', '#santiago', '#√±u√±oa', '#plaza√±u√±oa']",[],https://twitter.com/AlexeyAxel/status/1188526903986143232,False,,0,,,,,,,"[{'user_id': '156998197', 'username': 'AlexeyAxel'}]",
1188522218780839937,1188522218780839937,1572200753000,2019-10-27,15:25:53,-03,1052555341140058113,alonsoroac,Alonso RC.,,"El Derecho De Vivir En Paz, cantantes chilenos unen sus voces para entona este tremendo tema de V√≠ctor Jara!! Simplemente sin palabras üò≠‚ù§Ô∏è  https://youtu.be/wlfAf2AibA8¬†
#EstoNoHaTerminado #pi√±eravioladdhh #EstoNoSeAcaba #TPP11 #LosMilicosNoSonTusAmigos",[],['https://youtu.be/wlfAf2AibA8'],[],0,8,8,"['#estonohaterminado', '#pi√±eravioladdhh', '#estonoseacaba', '#tpp11', '#losmilicosnosontusamigos']",[],https://twitter.com/alonsoroac/status/1188522218780839937,False,,0,,,,,,,"[{'user_id': '1052555341140058113', 'username': 'alonsoroac'}]",
1188509257475461120,1188509257475461120,1572197663000,2019-10-27,14:34:23,-03,2984589550,pollito_quiut,pollito_lovelyüê•,,"#EstoNoHaTerminado¬† #Constitucion2020¬†¬†¬† #AbajoElGobierno #ChileEnHuelga
#ParoNacional #ChileEnCrisis #renunciapineira #EstoPasaEnChile #ChileViolateHumanRights #LosMilicosNoSonTusAmigos #LaMarchaMasGrandeDeChile https://twitter.com/E1Nacionalista/status/1187470804553879555¬†‚Ä¶",[],['https://twitter.com/E1Nacionalista/status/1187470804553879555'],[],0,0,1,"['#estonohaterminado', '#constitucion2020', '#abajoelgobierno', '#chileenhuelga', '#paronacional', '#chileencrisis', '#renunciapineira', '#estopasaenchile', '#chileviolatehumanrights', '#losmilicosnosontusamigos', '#lamarchamasgrandedechile']",[],https://twitter.com/Pollito_quiut/status/1188509257475461120,False,https://twitter.com/E1Nacionalista/status/1187470804553879555,0,,,,,,,"[{'user_id': '2984589550', 'username': 'Pollito_quiut'}]",
1188508683749199872,1188508683749199872,1572197526000,2019-10-27,14:32:06,-03,2984589550,pollito_quiut,pollito_lovelyüê•,,"Que asco el animal weon...el que est√° arriba del caballo #EstoNoHaTerminado¬† #Constitucion2020¬†¬†¬† #AbajoElGobierno #ChileEnHuelga
#ParoNacional #ChileEnCrisis #renunciapineira #EstoPasaEnChile #ChileViolateHumanRights #LosMilicosNoSonTusAmigos #LaMarchaMasGrandeDeChile https://twitter.com/Lviskaz/status/1187708620546498561¬†‚Ä¶",[],['https://twitter.com/Lviskaz/status/1187708620546498561'],[],0,0,1,"['#estonohaterminado', '#constitucion2020', '#abajoelgobierno', '#chileenhuelga', '#paronacional', '#chileencrisis', '#renunciapineira', '#estopasaenchile', '#chileviolatehumanrights', '#losmilicosnosontusamigos', '#lamarchamasgrandedechile']",[],https://twitter.com/Pollito_quiut/status/1188508683749199872,False,https://twitter.com/Lviskaz/status/1187708620546498561,0,,,,,,,"[{'user_id': '2984589550', 'username': 'Pollito_quiut'}]",
1188508037146972161,1188508037146972161,1572197372000,2019-10-27,14:29:32,-03,1372862233,pedrogonzalezta,Pedro Gonzalez Tapia,,#LosMilicosNoSonTusAmigos  https://twitter.com/contrainformate/status/1188443471167836160¬†‚Ä¶,[],['https://twitter.com/contrainformate/status/1188443471167836160'],[],0,4,0,['#losmilicosnosontusamigos'],[],https://twitter.com/PedroGonzalezTa/status/1188508037146972161,False,https://twitter.com/Contrainformate/status/1188443471167836160,0,,,,,,,"[{'user_id': '1372862233', 'username': 'PedroGonzalezTa'}]",
1188507982633623556,1188507982633623556,1572197359000,2019-10-27,14:29:19,-03,2984589550,pollito_quiut,pollito_lovelyüê•,,"#EstoNoHaTerminado¬† #Constitucion2020¬†¬†¬† #AbajoElGobierno #ChileEnHuelga
#ParoNacional #ChileEnCrisis #renunciapineira #EstoPasaEnChile #ChileViolateHumanRights #LosMilicosNoSonTusAmigos #LaMarchaMasGrandeDeChile https://twitter.com/FelipeParadaM/status/1188473498559275008¬†‚Ä¶",[],['https://twitter.com/FelipeParadaM/status/1188473498559275008'],[],0,0,1,"['#estonohaterminado', '#constitucion2020', '#abajoelgobierno', '#chileenhuelga', '#paronacional', '#chileencrisis', '#renunciapineira', '#estopasaenchile', '#chileviolatehumanrights', '#losmilicosnosontusamigos', '#lamarchamasgrandedechile']",[],https://twitter.com/Pollito_quiut/status/1188507982633623556,False,https://twitter.com/FelipeParadaM/status/1188473498559275008,0,,,,,,,"[{'user_id': '2984589550', 'username': 'Pollito_quiut'}]",
1188503220068454405,1188503220068454405,1572196223000,2019-10-27,14:10:23,-03,156998197,alexeyaxel,#RenunciaPi√±era,,CON TOO SI NO PA‚Äô QUE ‚úäüèº #NoM√°sTorturas #ChileQuiereCambios #losmilicosnosontusamigos #renunciachadwick #ChadwickASESINO #pi√±eraasesino #ChileDespert√≥ #Chile #Santiago #√ëu√±oa #Plaza√ëu√±oa #contodosinopaque pic.twitter.com/L3OxfDm7eX,[],[],['https://pbs.twimg.com/media/EH5pYWeWsAIeCE9.jpg'],2,0,2,"['#nom√°storturas', '#chilequierecambios', '#losmilicosnosontusamigos', '#renunciachadwick', '#chadwickasesino', '#pi√±eraasesino', '#chiledespert√≥', '#chile', '#santiago', '#√±u√±oa', '#plaza√±u√±oa', '#contodosinopaque']",[],https://twitter.com/AlexeyAxel/status/1188503220068454405,False,,0,,,,,,,"[{'user_id': '156998197', 'username': 'AlexeyAxel'}]",
1188501279657644032,1188501279657644032,1572195761000,2019-10-27,14:02:41,-03,2984589550,pollito_quiut,pollito_lovelyüê•,,"#EstoNoHaTerminado¬† #Constitucion2020¬†¬†¬† #AbajoElGobierno #ChileEnHuelga
#ParoNacional #ChileEnCrisis #renunciapineira #EstoPasaEnChile #ChileViolateHumanRights #LosMilicosNoSonTusAmigos #LaMarchaMasGrandeDeChile https://twitter.com/despott_4/status/1188493482933084170¬†‚Ä¶",[],['https://twitter.com/despott_4/status/1188493482933084170'],[],0,1,2,"['#estonohaterminado', '#constitucion2020', '#abajoelgobierno', '#chileenhuelga', '#paronacional', '#chileencrisis', '#renunciapineira', '#estopasaenchile', '#chileviolatehumanrights', '#losmilicosnosontusamigos', '#lamarchamasgrandedechile']",[],https://twitter.com/Pollito_quiut/status/1188501279657644032,False,https://twitter.com/despott_4/status/1188493482933084170,0,,,,,,,"[{'user_id': '2984589550', 'username': 'Pollito_quiut'}]",
1188498821606711296,1188498821606711296,1572195174000,2019-10-27,13:52:54,-03,156998197,alexeyaxel,#RenunciaPi√±era,,CON TOO SI NO PA‚Äô QUE ‚úäüèº #NoM√°sTorturas #ChileQuiereCambios #losmilicosnosontusamigos #renunciachadwick #ChadwickASESINO #pi√±eraasesino #ChileDespert√≥ #Chile #Santiago #√ëu√±oa #Plaza√ëu√±oa #contodosinopaque  https://ift.tt/333uW7G¬† pic.twitter.com/HpJFrpYsX5,[],['https://ift.tt/333uW7G'],['https://pbs.twimg.com/media/EH5lYVNW4AE9bA5.jpg'],0,1,0,"['#nom√°storturas', '#chilequierecambios', '#losmilicosnosontusamigos', '#renunciachadwick', '#chadwickasesino', '#pi√±eraasesino', '#chiledespert√≥', '#chile', '#santiago', '#√±u√±oa', '#plaza√±u√±oa', '#contodosinopaque']",[],https://twitter.com/AlexeyAxel/status/1188498821606711296,False,,0,,,,,,,"[{'user_id': '156998197', 'username': 'AlexeyAxel'}]",
1188498536733822976,1188494403805106178,1572195107000,2019-10-27,13:51:47,-03,118830348,valry_x9,Valery_metal_arts,,#ChileViolatesHumanRights #chilevioladerechoshumanos #pi√±eradictador #pi√±erarenuncia #violacionderechoshumanos #LosMilicosNoSonTusAmigos #EvidenciaCrisisChile,"['gracielamolinay', 'tangoferoz']",[],[],0,0,1,"['#chileviolateshumanrights', '#chilevioladerechoshumanos', '#pi√±eradictador', '#pi√±erarenuncia', '#violacionderechoshumanos', '#losmilicosnosontusamigos', '#evidenciacrisischile']",[],https://twitter.com/VALRY_X9/status/1188498536733822976,False,,0,,,,,,,"[{'user_id': '118830348', 'username': 'VALRY_X9'}, {'user_id': '106720297', 'username': 'gracielamolinay'}, {'user_id': '41830659', 'username': 'tangoferoz'}]",
1188496715772502017,1188496715772502017,1572194672000,2019-10-27,13:44:32,-03,156998197,alexeyaxel,#RenunciaPi√±era,,CON TOO SI NO PA‚Äô QUE ‚úäüèº #NoM√°sTorturas #ChileQuiereCambios #losmilicosnosontusamigos #renunciachadwick #ChadwickASESINO #pi√±eraasesino #ChileDespert√≥ #Chile #Santiago #√ëu√±oa #Plaza√ëu√±oa #contodosinopaque pic.twitter.com/xdDYJKlsTr,[],[],['https://pbs.twimg.com/media/EH5jducXkAIsNn-.jpg'],0,1,1,"['#nom√°storturas', '#chilequierecambios', '#losmilicosnosontusamigos', '#renunciachadwick', '#chadwickasesino', '#pi√±eraasesino', '#chiledespert√≥', '#chile', '#santiago', '#√±u√±oa', '#plaza√±u√±oa', '#contodosinopaque']",[],https://twitter.com/AlexeyAxel/status/1188496715772502017,False,,0,,,,,,,"[{'user_id': '156998197', 'username': 'AlexeyAxel'}]",
1188491765667549185,1188482033292599302,1572193492000,2019-10-27,13:24:52,-03,514645109,cesarsmg,Cesar San Martin,,"Ayer atacaron con armas de guerra a la gente en Concepci√≥n, la √∫nica guerra que han ganado es contra civiles desarmados, cobardes, asesinos. #EstoNoHaTermnado ###LosMilicosNoSonTusAmigos",['ejercito_chile'],[],[],0,0,1,"['#estonohatermnado', '#losmilicosnosontusamigos']",[],https://twitter.com/cesarsmg/status/1188491765667549185,False,,0,,,,,,,"[{'user_id': '514645109', 'username': 'cesarsmg'}, {'user_id': '105197626', 'username': 'Ejercito_Chile'}]",
1188491698005000193,1188491698005000193,1572193476000,2019-10-27,13:24:36,-03,1356002005,toloza_rc,Roberto Toloza,,"#EstoNoHaTermnado
#ChileQuiereCambios
#LosMilicosNoSonTusAmigos
#RenunciaPi√±era @sebastianpinera https://twitter.com/deiquaza/status/1188490971547361280¬†‚Ä¶",['sebastianpinera'],['https://twitter.com/deiquaza/status/1188490971547361280'],[],0,0,0,"['#estonohatermnado', '#chilequierecambios', '#losmilicosnosontusamigos', '#renunciapi√±era']",[],https://twitter.com/Toloza_RC/status/1188491698005000193,False,https://twitter.com/deiquaza/status/1188490971547361280,0,,,,,,,"[{'user_id': '1356002005', 'username': 'Toloza_RC'}, {'user_id': '13623532', 'username': 'sebastianpinera'}]",
1188483690378203136,1188483690378203136,1572191567000,2019-10-27,12:52:47,-03,2984589550,pollito_quiut,pollito_lovelyüê•,,"SAME CTM 

#EstoNoHaTerminado #Constitucion2020 #AbajoElGobierno #ChileEnHuelga
#ParoNacional #ChileEnCrisis #renunciapineira #EstoPasaEnChile #ChileViolateHumanRights #LosMilicosNoSonTusAmigos #LaMarchaMasGrandeDeChile https://twitter.com/detodopalpueblo/status/1188240419559219201¬†‚Ä¶",[],['https://twitter.com/detodopalpueblo/status/1188240419559219201'],[],0,2,4,"['#estonohaterminado', '#constitucion2020', '#abajoelgobierno', '#chileenhuelga', '#paronacional', '#chileencrisis', '#renunciapineira', '#estopasaenchile', '#chileviolatehumanrights', '#losmilicosnosontusamigos', '#lamarchamasgrandedechile']",[],https://twitter.com/Pollito_quiut/status/1188483690378203136,False,https://twitter.com/detodopalpueblo/status/1188240419559219201,0,,,,,,,"[{'user_id': '2984589550', 'username': 'Pollito_quiut'}]",
1188478876185440256,1188478876185440256,1572190419000,2019-10-27,12:33:39,-03,31028504,astridveas,AstridConSentimiento,,"Awwww que amor me cambio la frecuencia :') demasiado tiernas! 
#chile #proteccioninfantil #ddhh #EstoNoHaTermnado #ChileNoSeRinde #chile #destitucionpi√±era #LosMilicosNoSonTusAmigos #nomastorturas #DerechosHumanos #Constitucion2020 #NuevaConstitucion #PineraDictador https://twitter.com/Perdimilapizfav/status/1188262485066993664¬†‚Ä¶",[],['https://twitter.com/Perdimilapizfav/status/1188262485066993664'],[],0,1,0,"['#chile', '#proteccioninfantil', '#ddhh', '#estonohatermnado', '#chilenoserinde', '#chile', '#destitucionpi√±era', '#losmilicosnosontusamigos', '#nomastorturas', '#derechoshumanos', '#constitucion2020', '#nuevaconstitucion', '#pineradictador']",[],https://twitter.com/AstridVeas/status/1188478876185440256,False,https://twitter.com/Perdimilapizfav/status/1188262485066993664,0,,,,,,,"[{'user_id': '31028504', 'username': 'AstridVeas'}]",
1188477437170110465,1188477437170110465,1572190076000,2019-10-27,12:27:56,-03,31028504,astridveas,AstridConSentimiento,,"Tranquilo amigo van a pagar :'( 
Todo #chile esta contigo con los caidos #ChileSomosTodos #EstoNoHaTermnado #ChileNoSeRinde #ChileNoSeRinde #destitucionpi√±era #LosMilicosNoSonTusAmigos #nomastorturas #DerechosHumanos #Constitucion2020 https://twitter.com/Andrea_linconao/status/1188331332344135686¬†‚Ä¶",[],['https://twitter.com/Andrea_linconao/status/1188331332344135686'],[],1,2,0,"['#chile', '#chilesomostodos', '#estonohatermnado', '#chilenoserinde', '#chilenoserinde', '#destitucionpi√±era', '#losmilicosnosontusamigos', '#nomastorturas', '#derechoshumanos', '#constitucion2020']",[],https://twitter.com/AstridVeas/status/1188477437170110465,False,https://twitter.com/Andrea_linconao/status/1188331332344135686,0,,,,,,,"[{'user_id': '31028504', 'username': 'AstridVeas'}]",
1188472977572143109,1188472977572143109,1572189013000,2019-10-27,12:10:13,-03,156998197,alexeyaxel,#RenunciaPi√±era,,"Potente frase, somos la nueva historia en un pa√≠s opresor. Hagamos historia para nuestros hijos. Luchemos para que ellos puedan disfrutar de un mejor pa√≠s. ‚úäüèº #NoM√°sTorturas #ChileQuiereCambios #losmilicosnosontusamigos #renunciachadwick #ChadwickASESINO #pi√±eraasesino #Chi‚Ä¶ pic.twitter.com/78s0UO57SD",[],[],['https://pbs.twimg.com/media/EH5N3_iWwAA9PwE.jpg'],0,8,9,"['#nom√°storturas', '#chilequierecambios', '#losmilicosnosontusamigos', '#renunciachadwick', '#chadwickasesino', '#pi√±eraasesino', '#chi']",[],https://twitter.com/AlexeyAxel/status/1188472977572143109,False,,0,,,,,,,"[{'user_id': '156998197', 'username': 'AlexeyAxel'}]",
1188471374349819905,1188448537383714818,1572188631000,2019-10-27,12:03:51,-03,2160822585,fcovaldesr,Francisco Valdes,,#CambioDeGabineteYa #ChileBajoAtaque #ChileQuiereCambios #ChileViolatesHumanRights #LosMilicosNoSonTusAmigos,"['kokevina', 'sebastianpinera']",[],[],0,0,0,"['#cambiodegabineteya', '#chilebajoataque', '#chilequierecambios', '#chileviolateshumanrights', '#losmilicosnosontusamigos']",[],https://twitter.com/fcovaldesr/status/1188471374349819905,False,,0,,,,,,,"[{'user_id': '2160822585', 'username': 'fcovaldesr'}, {'user_id': '65912313', 'username': 'KOKEVINA'}, {'user_id': '13623532', 'username': 'sebastianpinera'}]",
1188470485908148225,1188470485908148225,1572188419000,2019-10-27,12:00:19,-03,31028504,astridveas,AstridConSentimiento,,MIRA FACHO INMUNDO LAS MARCHAS SON DE TODO #CHILE SIN PARTIDO! COMO VA A SER ESA TU SOLUCI√ìN AL PAIS ATORRANTE MAL PARIDO INHUMANO NO ESTAMOS PIDIENDO LIMOSNA AWEONAO! #DESTITUCIONPI√ëERA #LOSMILICOSNOSONTUSAMIGOS #NOMASTORTURAS #DERECHOSHUMANOS #CONSTITUCION2020 #ONU #DDHH https://twitter.com/joseantoniokast/status/1188227251189497861¬†‚Ä¶,[],['https://twitter.com/joseantoniokast/status/1188227251189497861'],[],0,2,2,"['#chile', '#destitucionpi√±era', '#losmilicosnosontusamigos', '#nomastorturas', '#derechoshumanos', '#constitucion2020', '#onu', '#ddhh']",[],https://twitter.com/AstridVeas/status/1188470485908148225,False,https://twitter.com/joseantoniokast/status/1188227251189497861,0,,,,,,,"[{'user_id': '31028504', 'username': 'AstridVeas'}]",
1188468600610443264,1188468600610443264,1572187969000,2019-10-27,11:52:49,-03,156998197,alexeyaxel,#RenunciaPi√±era,,"Potente frase, somos la nueva historia en un pa√≠s opresor. Hagamos historia para nuestros hijos. Luchemos para que ellos puedan disfrutar de un mejor pa√≠s. ‚úäüèº #NoM√°sTorturas #ChileQuiereCambios #losmilicosnosontusamigos #renunciachadwick #ChadwickASESINO‚Ä¶  https://ift.tt/2NaduaU¬† pic.twitter.com/yvgb4PMYJE",[],['https://ift.tt/2NaduaU'],['https://pbs.twimg.com/media/EH5J5OdW4AEXpM4.jpg'],0,3,3,"['#nom√°storturas', '#chilequierecambios', '#losmilicosnosontusamigos', '#renunciachadwick', '#chadwickasesino']",[],https://twitter.com/AlexeyAxel/status/1188468600610443264,False,,0,,,,,,,"[{'user_id': '156998197', 'username': 'AlexeyAxel'}]",
1188466481304162305,1188466481304162305,1572187464000,2019-10-27,11:44:24,-03,156998197,alexeyaxel,#RenunciaPi√±era,,"Potente frase, somos la nueva historia en un pa√≠s opresor. Hagamos historia para nuestros hijos. Luchemos para que ellos puedan disfrutar de un mejor pa√≠s. ‚úäüèº #NoM√°sTorturas #ChileQuiereCambios #losmilicosnosontusamigos #renunciachadwick #ChadwickASESINO #pi√±eraasesino #Chi‚Ä¶ pic.twitter.com/rZIXA0DHDj",[],[],['https://pbs.twimg.com/media/EH5H93EW4AEVSQr.jpg'],0,3,2,"['#nom√°storturas', '#chilequierecambios', '#losmilicosnosontusamigos', '#renunciachadwick', '#chadwickasesino', '#pi√±eraasesino', '#chi']",[],https://twitter.com/AlexeyAxel/status/1188466481304162305,False,,0,,,,,,,"[{'user_id': '156998197', 'username': 'AlexeyAxel'}]",
1188464141402595329,1188464141402595329,1572186906000,2019-10-27,11:35:06,-03,1372862233,pedrogonzalezta,Pedro Gonzalez Tapia,,"#LosMilicosNoSonTusAmigos #LosMilicosSonTusEnemigos La doctrina de la seguridad nacional, el enemigo interno https://twitter.com/_txrner_/status/1187972546588762113¬†‚Ä¶",[],['https://twitter.com/_txrner_/status/1187972546588762113'],[],0,1,0,"['#losmilicosnosontusamigos', '#losmilicossontusenemigos']",[],https://twitter.com/PedroGonzalezTa/status/1188464141402595329,False,https://twitter.com/_txrner_/status/1187972546588762113,0,,,,,,,"[{'user_id': '1372862233', 'username': 'PedroGonzalezTa'}]",
1188463700673474560,1188463700673474560,1572186801000,2019-10-27,11:33:21,-03,964982790147268613,kangelicaraffo1,kangelicaraffo,,#lospacosnosontusamigos @inddhh #LosMilicosNoSonTusAmigos @adnradiochile @40ChileOficial #renunciapi√±era @ceciliamorel https://twitter.com/piensaprensa/status/1188313255191732229¬†‚Ä¶,"['inddhh', 'adnradiochile', '40chileoficial', 'ceciliamorel']",['https://twitter.com/piensaprensa/status/1188313255191732229'],[],0,0,0,"['#lospacosnosontusamigos', '#losmilicosnosontusamigos', '#renunciapi√±era']",[],https://twitter.com/kangelicaraffo1/status/1188463700673474560,False,https://twitter.com/PiensaPrensa/status/1188313255191732229,0,,,,,,,"[{'user_id': '964982790147268613', 'username': 'kangelicaraffo1'}, {'user_id': '183315665', 'username': 'inddhh'}, {'user_id': '201493641', 'username': 'adnradiochile'}, {'user_id': '173890785', 'username': '40ChileOficial'}, {'user_id': '48747680', 'username': 'ceciliamorel'}]",
1188462512678854657,1188462512678854657,1572186518000,2019-10-27,11:28:38,-03,31028504,astridveas,AstridConSentimiento,,"Hasta que queden abiertas para siempre las grandes alamedas y pasen los seres libres :') 

#chile #destitucionpi√±era #LosMilicosNoSonTusAmigos #nomastorturas #chile #Constitucion2020 #serviciomedicolegal https://twitter.com/no_soyhumorista/status/1188461279628931078¬†‚Ä¶",[],['https://twitter.com/no_soyhumorista/status/1188461279628931078'],[],0,2,1,"['#chile', '#destitucionpi√±era', '#losmilicosnosontusamigos', '#nomastorturas', '#chile', '#constitucion2020', '#serviciomedicolegal']",[],https://twitter.com/AstridVeas/status/1188462512678854657,False,https://twitter.com/no_soyhumorista/status/1188461279628931078,0,,,,,,,"[{'user_id': '31028504', 'username': 'AstridVeas'}]",
1188457365655478276,1188457365655478276,1572185291000,2019-10-27,11:08:11,-03,483843959,daniurzuaph,Dani Urz√∫a,,"#EstoNoHaAcabado #ChileNoSeRinde #LaMarchaMasGrandeDeChile #LaMarchaDelMillon #ChileDesperto
#NoMasTorturas #ChileQuiereCambios #LosMilicosNoSonTusAmigos #Chile #ChileResiste #NoEstamosEnGuerra pic.twitter.com/LwZdTm4oUX",[],[],['https://pbs.twimg.com/media/EH4_o92X0AIILG3.jpg'],0,3,2,"['#estonohaacabado', '#chilenoserinde', '#lamarchamasgrandedechile', '#lamarchadelmillon', '#chiledesperto', '#nomastorturas', '#chilequierecambios', '#losmilicosnosontusamigos', '#chile', '#chileresiste', '#noestamosenguerra']",[],https://twitter.com/daniurzuaph/status/1188457365655478276,False,,0,,,,,,,"[{'user_id': '483843959', 'username': 'daniurzuaph'}]",
1188457102534172672,1188457102534172672,1572185228000,2019-10-27,11:07:08,-03,964982790147268613,kangelicaraffo1,kangelicaraffo,,‚Å¶@ceciliamorel‚Å© para ti jajajajaj ‚Å¶@sebastianpinera‚Å© #LosMilicosNoSonTusAmigos #renunciapi√±era #ChileDespierto #PlebiscitoAhora https://youtu.be/jzwuKToN0_Q¬†,"['ceciliamorel', 'sebastianpinera']",['https://youtu.be/jzwuKToN0_Q'],[],0,0,0,"['#losmilicosnosontusamigos', '#renunciapi√±era', '#chiledespierto', '#plebiscitoahora']",[],https://twitter.com/kangelicaraffo1/status/1188457102534172672,False,,0,,,,,,,"[{'user_id': '964982790147268613', 'username': 'kangelicaraffo1'}, {'user_id': '48747680', 'username': 'ceciliamorel'}, {'user_id': '13623532', 'username': 'sebastianpinera'}]",
1188456296888045568,1188398494857465856,1572185036000,2019-10-27,11:03:56,-03,813896548375375873,ximecifuentes27,"Ximena, hoy soy la Patriota que nunca fu√≠ ‚ù§",,"Vayanse a la xuxa ASESINOS los vemos en la calle. No somos los que viven en Viatcura. Somos a los que ustedes les meten balas. Mal Nacidos!! #ChileNoSeRinde #EstoNoHaAcabado #EstoRecienComienza #LosMilicosNoSonTusAmigos Asesinos, toruradores, que se esconden tras un f√∫sil",['lmrendon'],[],[],0,2,1,"['#chilenoserinde', '#estonohaacabado', '#estoreciencomienza', '#losmilicosnosontusamigos']",[],https://twitter.com/ximecifuentes27/status/1188456296888045568,False,,0,,,,,,,"[{'user_id': '813896548375375873', 'username': 'ximecifuentes27'}, {'user_id': '77214463', 'username': 'lmrendon'}]",
1188451669983612929,1188451669983612929,1572183933000,2019-10-27,10:45:33,-03,2984589550,pollito_quiut,pollito_lovelyüê•,,"#EstoNoHaTerminado #Constitucion2020 #AbajoElGobierno #ChileEnHuelga
#ParoNacional #ChileEnCrisis #renunciapineira #EstoPasaEnChile #ChileViolateHumanRights #LosMilicosNoSonTusAmigos #LaMarchaMasGrandeDeChile https://twitter.com/kilaleo/status/1188421768706441216¬†‚Ä¶",[],['https://twitter.com/kilaleo/status/1188421768706441216'],[],0,2,1,"['#estonohaterminado', '#constitucion2020', '#abajoelgobierno', '#chileenhuelga', '#paronacional', '#chileencrisis', '#renunciapineira', '#estopasaenchile', '#chileviolatehumanrights', '#losmilicosnosontusamigos', '#lamarchamasgrandedechile']",[],https://twitter.com/Pollito_quiut/status/1188451669983612929,False,https://twitter.com/kilaleo/status/1188421768706441216,0,,,,,,,"[{'user_id': '2984589550', 'username': 'Pollito_quiut'}]",
1188449959370211331,1188449959370211331,1572183525000,2019-10-27,10:38:45,-03,2984589550,pollito_quiut,pollito_lovelyüê•,,"GRANDE CABR@S #EstoNoHaTerminado #Constitucion2020 #AbajoElGobierno #ChileEnHuelga
#ParoNacional #ChileEnCrisis #renunciapineira #EstoPasaEnChile #ChileViolateHumanRights #LosMilicosNoSonTusAmigos #LaMarchaMasGrandeDeChile https://twitter.com/Raiva91/status/1188407469971628033¬†‚Ä¶",[],['https://twitter.com/Raiva91/status/1188407469971628033'],[],0,0,0,"['#estonohaterminado', '#constitucion2020', '#abajoelgobierno', '#chileenhuelga', '#paronacional', '#chileencrisis', '#renunciapineira', '#estopasaenchile', '#chileviolatehumanrights', '#losmilicosnosontusamigos', '#lamarchamasgrandedechile']",[],https://twitter.com/Pollito_quiut/status/1188449959370211331,False,https://twitter.com/Raiva91/status/1188407469971628033,0,,,,,,,"[{'user_id': '2984589550', 'username': 'Pollito_quiut'}]",
1188449818819080192,1188449818819080192,1572183491000,2019-10-27,10:38:11,-03,95245271,r010ide,R010,,#ChileNoSeRinde #ChileDesperto #EstoNoHaTerminado #LosMilicosNoSonTusAmigos  https://twitter.com/piensaprensa/status/1188291168003604480¬†‚Ä¶,[],['https://twitter.com/piensaprensa/status/1188291168003604480'],[],0,2,0,"['#chilenoserinde', '#chiledesperto', '#estonohaterminado', '#losmilicosnosontusamigos']",[],https://twitter.com/r010ide/status/1188449818819080192,False,https://twitter.com/PiensaPrensa/status/1188291168003604480,0,,,,,,,"[{'user_id': '95245271', 'username': 'r010ide'}]",
1188449379155431424,1188449379155431424,1572183386000,2019-10-27,10:36:26,-03,2984589550,pollito_quiut,pollito_lovelyüê•,,"#EstoNoHaTerminado #Constitucion2020 #AbajoElGobierno #ChileEnHuelga
#ParoNacional #ChileEnCrisis #renunciapineira #EstoPasaEnChile #ChileViolateHumanRights #LosMilicosNoSonTusAmigos #LaMarchaMasGrandeDeChile https://twitter.com/DAndrade_S/status/1188433288798593025¬†‚Ä¶",[],['https://twitter.com/DAndrade_S/status/1188433288798593025'],[],0,0,0,"['#estonohaterminado', '#constitucion2020', '#abajoelgobierno', '#chileenhuelga', '#paronacional', '#chileencrisis', '#renunciapineira', '#estopasaenchile', '#chileviolatehumanrights', '#losmilicosnosontusamigos', '#lamarchamasgrandedechile']",[],https://twitter.com/Pollito_quiut/status/1188449379155431424,False,https://twitter.com/DAndrade_S/status/1188433288798593025,0,,,,,,,"[{'user_id': '2984589550', 'username': 'Pollito_quiut'}]",
1188448601250373632,1188448601250373632,1572183201000,2019-10-27,10:33:21,-03,879909308225507328,drefstgo,aquisantiago,,"#enacional
Gastos de militares , hay que detenerlos.
#LosMilicosNoSonTusAmigos
 https://www.t13.cl/noticia/nacional/fuerzas-armadas-gastaron-mas-2.300-millones-distintas-ceremonias-tres-anos¬†‚Ä¶",[],['https://www.t13.cl/noticia/nacional/fuerzas-armadas-gastaron-mas-2.300-millones-distintas-ceremonias-tres-anos'],[],0,0,0,"['#enacional', '#losmilicosnosontusamigos']",[],https://twitter.com/drefstgo/status/1188448601250373632,False,,0,,,,,,,"[{'user_id': '879909308225507328', 'username': 'drefstgo'}]",
1188448056955547648,1188448056955547648,1572183071000,2019-10-27,10:31:11,-03,1356002005,toloza_rc,Roberto Toloza,,"#EstoNoHaAcabado
#ChileQuiereCambios
#LosMilicosNoSonTusAmigos
#RenunciaPi√±era @sebastianpinera
@inddhh https://twitter.com/ultranoticiascl/status/1188280380719357953¬†‚Ä¶","['sebastianpinera', 'inddhh']",['https://twitter.com/ultranoticiascl/status/1188280380719357953'],[],0,0,0,"['#estonohaacabado', '#chilequierecambios', '#losmilicosnosontusamigos', '#renunciapi√±era']",[],https://twitter.com/Toloza_RC/status/1188448056955547648,False,https://twitter.com/ultranoticiascl/status/1188280380719357953,0,,,,,,,"[{'user_id': '1356002005', 'username': 'Toloza_RC'}, {'user_id': '13623532', 'username': 'sebastianpinera'}, {'user_id': '183315665', 'username': 'inddhh'}]",
1188444585258901505,1188444585258901505,1572182244000,2019-10-27,10:17:24,-03,2984589550,pollito_quiut,pollito_lovelyüê•,,"#EstoNoHaTerminado #Constitucion2020 #AbajoElGobierno #ChileEnHuelga
#ParoNacional #ChileEnCrisis #renunciapineira #EstoPasaEnChile #ChileViolateHumanRights #LosMilicosNoSonTusAmigos #LaMarchaMasGrandeDeChile https://twitter.com/crictori/status/1188130009510240261¬†‚Ä¶",[],['https://twitter.com/crictori/status/1188130009510240261'],[],0,2,1,"['#estonohaterminado', '#constitucion2020', '#abajoelgobierno', '#chileenhuelga', '#paronacional', '#chileencrisis', '#renunciapineira', '#estopasaenchile', '#chileviolatehumanrights', '#losmilicosnosontusamigos', '#lamarchamasgrandedechile']",[],https://twitter.com/Pollito_quiut/status/1188444585258901505,False,https://twitter.com/crictori/status/1188130009510240261,0,,,,,,,"[{'user_id': '2984589550', 'username': 'Pollito_quiut'}]",
1188437531030884352,1188437531030884352,1572180562000,2019-10-27,09:49:22,-03,874973666643251204,andreashimwild,Andrea üò∑ üá®üá± üá±üáß,,#LosMilicosNoSonTusAmigos #ChileResiste https://twitter.com/cyberdisruptor/status/1188400013661134848¬†‚Ä¶,[],['https://twitter.com/cyberdisruptor/status/1188400013661134848'],[],0,0,0,"['#losmilicosnosontusamigos', '#chileresiste']",[],https://twitter.com/AndreaShimWild/status/1188437531030884352,False,https://twitter.com/cyberdisruptor/status/1188400013661134848,0,,,,,,,"[{'user_id': '874973666643251204', 'username': 'AndreaShimWild'}]",
1188437264432586753,1188437264432586753,1572180498000,2019-10-27,09:48:18,-03,874973666643251204,andreashimwild,Andrea üò∑ üá®üá± üá±üáß,,#BastaDeAbusos #LosMilicosNoSonTusAmigos #EstoNoHaTerminado #ChileSinMiedo #ChileResiste https://twitter.com/imgabm_/status/1188338613752188929¬†‚Ä¶,[],['https://twitter.com/imgabm_/status/1188338613752188929'],[],0,2,2,"['#bastadeabusos', '#losmilicosnosontusamigos', '#estonohaterminado', '#chilesinmiedo', '#chileresiste']",[],https://twitter.com/AndreaShimWild/status/1188437264432586753,False,https://twitter.com/imgabm_/status/1188338613752188929,0,,,,,,,"[{'user_id': '874973666643251204', 'username': 'AndreaShimWild'}]",
1188421212344594432,1188421212344594432,1572176671000,2019-10-27,08:44:31,-03,2984589550,pollito_quiut,pollito_lovelyüê•,,"#EstoNoHaTerminado #Constitucion2020 #AbajoElGobierno #ChileEnHuelga
#ParoNacional #ChileEnCrisis #renunciapineira #EstoPasaEnChile #ChileViolateHumanRights #LosMilicosNoSonTusAmigos #LaMarchaMasGrandeDeChile https://twitter.com/jocy_fredes/status/1188282150140993537¬†‚Ä¶",[],['https://twitter.com/jocy_fredes/status/1188282150140993537'],[],0,0,0,"['#estonohaterminado', '#constitucion2020', '#abajoelgobierno', '#chileenhuelga', '#paronacional', '#chileencrisis', '#renunciapineira', '#estopasaenchile', '#chileviolatehumanrights', '#losmilicosnosontusamigos', '#lamarchamasgrandedechile']",[],https://twitter.com/Pollito_quiut/status/1188421212344594432,False,https://twitter.com/jocy_fredes/status/1188282150140993537,0,,,,,,,"[{'user_id': '2984589550', 'username': 'Pollito_quiut'}]",
1188420388843180032,1188420388843180032,1572176475000,2019-10-27,08:41:15,-03,2984589550,pollito_quiut,pollito_lovelyüê•,,"#EstoNoHaTerminado #Constitucion2020 #AbajoElGobierno #ChileEnHuelga
#ParoNacional #ChileEnCrisis #renunciapineira #EstoPasaEnChile #ChileViolateHumanRights #LosMilicosNoSonTusAmigos #LaMarchaMasGrandeDeChile https://twitter.com/claudiottomass/status/1188353899410972672¬†‚Ä¶",[],['https://twitter.com/claudiottomass/status/1188353899410972672'],[],0,0,0,"['#estonohaterminado', '#constitucion2020', '#abajoelgobierno', '#chileenhuelga', '#paronacional', '#chileencrisis', '#renunciapineira', '#estopasaenchile', '#chileviolatehumanrights', '#losmilicosnosontusamigos', '#lamarchamasgrandedechile']",[],https://twitter.com/Pollito_quiut/status/1188420388843180032,False,https://twitter.com/claudiottomass/status/1188353899410972672,0,,,,,,,"[{'user_id': '2984589550', 'username': 'Pollito_quiut'}]",
1188420285600583681,1188420285600583681,1572176450000,2019-10-27,08:40:50,-03,2984589550,pollito_quiut,pollito_lovelyüê•,,"#EstoNoHaTerminado #Constitucion2020 #AbajoElGobierno #ChileEnHuelga
#ParoNacional #ChileEnCrisis #renunciapineira #EstoPasaEnChile #ChileViolateHumanRights #LosMilicosNoSonTusAmigos #LaMarchaMasGrandeDeChile https://twitter.com/penamendez/status/1187326079041716224¬†‚Ä¶",[],['https://twitter.com/penamendez/status/1187326079041716224'],[],0,0,0,"['#estonohaterminado', '#constitucion2020', '#abajoelgobierno', '#chileenhuelga', '#paronacional', '#chileencrisis', '#renunciapineira', '#estopasaenchile', '#chileviolatehumanrights', '#losmilicosnosontusamigos', '#lamarchamasgrandedechile']",[],https://twitter.com/Pollito_quiut/status/1188420285600583681,False,https://twitter.com/penamendez/status/1187326079041716224,0,,,,,,,"[{'user_id': '2984589550', 'username': 'Pollito_quiut'}]",
1188393517703450624,1188393517703450624,1572170068000,2019-10-27,06:54:28,-03,2984589550,pollito_quiut,pollito_lovelyüê•,,"#EstoNoHaTerminado #Constitucion2020 #AbajoElGobierno #ChileEnHuelga
#ParoNacional #ChileEnCrisis #renunciapineira #EstoPasaEnChile #ChileViolateHumanRights #LosMilicosNoSonTusAmigos #LaMarchaMasGrandeDeChile https://twitter.com/CristobalYessen/status/1188127478109409280¬†‚Ä¶",[],['https://twitter.com/CristobalYessen/status/1188127478109409280'],[],0,2,2,"['#estonohaterminado', '#constitucion2020', '#abajoelgobierno', '#chileenhuelga', '#paronacional', '#chileencrisis', '#renunciapineira', '#estopasaenchile', '#chileviolatehumanrights', '#losmilicosnosontusamigos', '#lamarchamasgrandedechile']",[],https://twitter.com/Pollito_quiut/status/1188393517703450624,False,https://twitter.com/CristobalYessen/status/1188127478109409280,0,,,,,,,"[{'user_id': '2984589550', 'username': 'Pollito_quiut'}]",
1188392078495105024,1188392078495105024,1572169725000,2019-10-27,06:48:45,-03,2984589550,pollito_quiut,pollito_lovelyüê•,,"Noooo weon que orgullo lpm qüíñü§ò #EstoNoHaTerminado #Constitucion2020 #AbajoElGobierno #ChileEnHuelga
#ParoNacional #ChileEnCrisis #renunciapineira #EstoPasaEnChile #ChileViolateHumanRights #LosMilicosNoSonTusAmigos #LaMarchaMasGrandeDeChile https://twitter.com/christianrasse/status/1188265939751575558¬†‚Ä¶",[],['https://twitter.com/christianrasse/status/1188265939751575558'],[],0,0,1,"['#estonohaterminado', '#constitucion2020', '#abajoelgobierno', '#chileenhuelga', '#paronacional', '#chileencrisis', '#renunciapineira', '#estopasaenchile', '#chileviolatehumanrights', '#losmilicosnosontusamigos', '#lamarchamasgrandedechile']",[],https://twitter.com/Pollito_quiut/status/1188392078495105024,False,https://twitter.com/christianrasse/status/1188265939751575558,0,,,,,,,"[{'user_id': '2984589550', 'username': 'Pollito_quiut'}]",
1188391779789348870,1188391779789348870,1572169654000,2019-10-27,06:47:34,-03,2984589550,pollito_quiut,pollito_lovelyüê•,,"#EstoNoHaTerminado #Constitucion2020 #AbajoElGobierno #ChileEnHuelga
#ParoNacional #ChileEnCrisis #renunciapineira #EstoPasaEnChile #ChileViolateHumanRights #LosMilicosNoSonTusAmigos #LaMarchaMasGrandeDeChile https://twitter.com/ojodeloca/status/1188295379579785221¬†‚Ä¶",[],['https://twitter.com/ojodeloca/status/1188295379579785221'],[],0,2,1,"['#estonohaterminado', '#constitucion2020', '#abajoelgobierno', '#chileenhuelga', '#paronacional', '#chileencrisis', '#renunciapineira', '#estopasaenchile', '#chileviolatehumanrights', '#losmilicosnosontusamigos', '#lamarchamasgrandedechile']",[],https://twitter.com/Pollito_quiut/status/1188391779789348870,False,https://twitter.com/ojodeloca/status/1188295379579785221,0,,,,,,,"[{'user_id': '2984589550', 'username': 'Pollito_quiut'}]",
1188391372035952640,1188391372035952640,1572169556000,2019-10-27,06:45:56,-03,2984589550,pollito_quiut,pollito_lovelyüê•,,"#EstoNoHaTerminado #Constitucion2020 #AbajoElGobierno #ChileEnHuelga
#ParoNacional #ChileEnCrisis #renunciapineira #EstoPasaEnChile #ChileViolateHumanRights #LosMilicosNoSonTusAmigos #LaMarchaMasGrandeDeChile https://twitter.com/CNNChile/status/1188281614616412160¬†‚Ä¶",[],['https://twitter.com/CNNChile/status/1188281614616412160'],[],0,0,2,"['#estonohaterminado', '#constitucion2020', '#abajoelgobierno', '#chileenhuelga', '#paronacional', '#chileencrisis', '#renunciapineira', '#estopasaenchile', '#chileviolatehumanrights', '#losmilicosnosontusamigos', '#lamarchamasgrandedechile']",[],https://twitter.com/Pollito_quiut/status/1188391372035952640,False,https://twitter.com/CNNChile/status/1188281614616412160,0,,,,,,,"[{'user_id': '2984589550', 'username': 'Pollito_quiut'}]",
1188390082715312129,1188390082715312129,1572169249000,2019-10-27,06:40:49,-03,2984589550,pollito_quiut,pollito_lovelyüê•,,"Debe estar atac√° oye #EstoNoHaTerminado #Constitucion2020 #AbajoElGobierno #ChileEnHuelga
#ParoNacional #ChileEnCrisis #renunciapineira #EstoPasaEnChile #ChileViolateHumanRights #LosMilicosNoSonTusAmigos #LaMarchaMasGrandeDeChile https://twitter.com/puertotv/status/1188295528636923904¬†‚Ä¶",[],['https://twitter.com/puertotv/status/1188295528636923904'],[],0,1,1,"['#estonohaterminado', '#constitucion2020', '#abajoelgobierno', '#chileenhuelga', '#paronacional', '#chileencrisis', '#renunciapineira', '#estopasaenchile', '#chileviolatehumanrights', '#losmilicosnosontusamigos', '#lamarchamasgrandedechile']",[],https://twitter.com/Pollito_quiut/status/1188390082715312129,False,https://twitter.com/puertotv/status/1188295528636923904,0,,,,,,,"[{'user_id': '2984589550', 'username': 'Pollito_quiut'}]",
1188354099965767680,1188354099965767680,1572160670000,2019-10-27,04:17:50,-03,2984589550,pollito_quiut,pollito_lovelyüê•,,"#EstoNoHaTerminado #Constitucion2020 #AbajoElGobierno #ChileEnHuelga
#ParoNacional #ChileEnCrisis #renunciapineira #EstoPasaEnChile #ChileViolateHumanRights #LosMilicosNoSonTusAmigos #LaMarchaMasGrandeDeChile https://twitter.com/Criticologo_/status/1188275183699873793¬†‚Ä¶",[],['https://twitter.com/Criticologo_/status/1188275183699873793'],[],0,2,2,"['#estonohaterminado', '#constitucion2020', '#abajoelgobierno', '#chileenhuelga', '#paronacional', '#chileencrisis', '#renunciapineira', '#estopasaenchile', '#chileviolatehumanrights', '#losmilicosnosontusamigos', '#lamarchamasgrandedechile']",[],https://twitter.com/Pollito_quiut/status/1188354099965767680,False,https://twitter.com/Criticologo_/status/1188275183699873793,0,,,,,,,"[{'user_id': '2984589550', 'username': 'Pollito_quiut'}]",
1188353224438439936,1188353224438439936,1572160461000,2019-10-27,04:14:21,-03,2984589550,pollito_quiut,pollito_lovelyüê•,,"#EstoNoHaTerminado #Constitucion2020 #AbajoElGobierno #ChileEnHuelga
#ParoNacional #ChileEnCrisis #renunciapineira #EstoPasaEnChile #ChileViolateHumanRights #LosMilicosNoSonTusAmigos #LaMarchaMasGrandeDeChile https://twitter.com/miaucifer/status/1188293334109954048¬†‚Ä¶",[],['https://twitter.com/miaucifer/status/1188293334109954048'],[],0,1,0,"['#estonohaterminado', '#constitucion2020', '#abajoelgobierno', '#chileenhuelga', '#paronacional', '#chileencrisis', '#renunciapineira', '#estopasaenchile', '#chileviolatehumanrights', '#losmilicosnosontusamigos', '#lamarchamasgrandedechile']",[],https://twitter.com/Pollito_quiut/status/1188353224438439936,False,https://twitter.com/miaucifer/status/1188293334109954048,0,,,,,,,"[{'user_id': '2984589550', 'username': 'Pollito_quiut'}]",
1188340486077124608,1188340486077124608,1572157424000,2019-10-27,03:23:44,-03,2984589550,pollito_quiut,pollito_lovelyüê•,,"ME ESTAN WEBIANDO POR LA CHUCHA ü§¨ü§¨
#EstoNoHaTerminado #Constitucion2020 #AbajoElGobierno #ChileEnHuelga
#ParoNacional #ChileEnCrisis #renunciapineira #EstoPasaEnChile #ChileViolateHumanRights #LosMilicosNoSonTusAmigos #LaMarchaMasGrandeDeChile https://twitter.com/Pinirrron/status/1188232193212112901¬†‚Ä¶",[],['https://twitter.com/Pinirrron/status/1188232193212112901'],[],0,3,1,"['#estonohaterminado', '#constitucion2020', '#abajoelgobierno', '#chileenhuelga', '#paronacional', '#chileencrisis', '#renunciapineira', '#estopasaenchile', '#chileviolatehumanrights', '#losmilicosnosontusamigos', '#lamarchamasgrandedechile']",[],https://twitter.com/Pollito_quiut/status/1188340486077124608,False,https://twitter.com/Pinirrron/status/1188232193212112901,0,,,,,,,"[{'user_id': '2984589550', 'username': 'Pollito_quiut'}]",
1188339770038128640,1188238948289728514,1572157254000,2019-10-27,03:20:54,-03,2984589550,pollito_quiut,pollito_lovelyüê•,,"Tambi√©n not√© esa wea, si los entrevistan inventen nombre gente

#EstoNoHaTerminado #Constitucion2020 #AbajoElGobierno #ChileEnHuelga
#ParoNacional #ChileEnCrisis #renunciapineira #EstoPasaEnChile #ChileViolateHumanRights #LosMilicosNoSonTusAmigos #LaMarchaMasGrandeDeChile","['loveureyesandmi', 'comentandotele_']",[],[],0,2,0,"['#estonohaterminado', '#constitucion2020', '#abajoelgobierno', '#chileenhuelga', '#paronacional', '#chileencrisis', '#renunciapineira', '#estopasaenchile', '#chileviolatehumanrights', '#losmilicosnosontusamigos', '#lamarchamasgrandedechile']",[],https://twitter.com/Pollito_quiut/status/1188339770038128640,False,,0,,,,,,,"[{'user_id': '2984589550', 'username': 'Pollito_quiut'}, {'user_id': '1104140786801803266', 'username': 'loveureyesandmi'}, {'user_id': '224098664', 'username': 'ComentandoTele_'}]",
1188338186101153792,1188338186101153792,1572156876000,2019-10-27,03:14:36,-03,2984589550,pollito_quiut,pollito_lovelyüê•,,"#EstoNoHaTerminado #Constitucion2020 #AbajoElGobierno #ChileEnHuelga
#ParoNacional #ChileEnCrisis #renunciapineira #EstoPasaEnChile #ChileViolateHumanRights #LosMilicosNoSonTusAmigos #LaMarchaMasGrandeDeChile https://twitter.com/ali_vero/status/1188246025812742145¬†‚Ä¶",[],['https://twitter.com/ali_vero/status/1188246025812742145'],[],0,2,2,"['#estonohaterminado', '#constitucion2020', '#abajoelgobierno', '#chileenhuelga', '#paronacional', '#chileencrisis', '#renunciapineira', '#estopasaenchile', '#chileviolatehumanrights', '#losmilicosnosontusamigos', '#lamarchamasgrandedechile']",[],https://twitter.com/Pollito_quiut/status/1188338186101153792,False,https://twitter.com/ali_vero/status/1188246025812742145,0,,,,,,,"[{'user_id': '2984589550', 'username': 'Pollito_quiut'}]",
1188336739951226880,1188336739951226880,1572156531000,2019-10-27,03:08:51,-03,2984589550,pollito_quiut,pollito_lovelyüê•,,"#EstoNoHaTerminado #Constitucion2020 #AbajoElGobierno #ChileEnHuelga
#ParoNacional #ChileEnCrisis #renunciapineira #EstoPasaEnChile #ChileViolateHumanRights #LosMilicosNoSonTusAmigos #LaMarchaMasGrandeDeChile https://twitter.com/JavsLivesOfBTS/status/1188239040480460801¬†‚Ä¶",[],['https://twitter.com/JavsLivesOfBTS/status/1188239040480460801'],[],0,1,1,"['#estonohaterminado', '#constitucion2020', '#abajoelgobierno', '#chileenhuelga', '#paronacional', '#chileencrisis', '#renunciapineira', '#estopasaenchile', '#chileviolatehumanrights', '#losmilicosnosontusamigos', '#lamarchamasgrandedechile']",[],https://twitter.com/Pollito_quiut/status/1188336739951226880,False,https://twitter.com/JavsLivesOfBTS/status/1188239040480460801,0,,,,,,,"[{'user_id': '2984589550', 'username': 'Pollito_quiut'}]",
1188336482706247680,1188336482706247680,1572156470000,2019-10-27,03:07:50,-03,2984589550,pollito_quiut,pollito_lovelyüê•,,"Llor√© wn

#EstoNoHaTerminado #Constitucion2020 #AbajoElGobierno #ChileEnHuelga
#ParoNacional #ChileEnCrisis #renunciapineira #EstoPasaEnChile #ChileViolateHumanRights #LosMilicosNoSonTusAmigos #LaMarchaMasGrandeDeChile https://twitter.com/Leo_Aguilo/status/1188249077252648960¬†‚Ä¶",[],['https://twitter.com/Leo_Aguilo/status/1188249077252648960'],[],0,1,2,"['#estonohaterminado', '#constitucion2020', '#abajoelgobierno', '#chileenhuelga', '#paronacional', '#chileencrisis', '#renunciapineira', '#estopasaenchile', '#chileviolatehumanrights', '#losmilicosnosontusamigos', '#lamarchamasgrandedechile']",[],https://twitter.com/Pollito_quiut/status/1188336482706247680,False,https://twitter.com/Leo_Aguilo/status/1188249077252648960,0,,,,,,,"[{'user_id': '2984589550', 'username': 'Pollito_quiut'}]",
1188336257228824576,1188336257228824576,1572156416000,2019-10-27,03:06:56,-03,2984589550,pollito_quiut,pollito_lovelyüê•,,"#EstoNoHaTerminado #Constitucion2020 #AbajoElGobierno #ChileEnHuelga
#ParoNacional #ChileEnCrisis #renunciapineira #EstoPasaEnChile #ChileViolateHumanRights #LosMilicosNoSonTusAmigos #LaMarchaMasGrandeDeChile https://twitter.com/maitechu_mia37/status/1188253609798053888¬†‚Ä¶",[],['https://twitter.com/maitechu_mia37/status/1188253609798053888'],[],0,1,1,"['#estonohaterminado', '#constitucion2020', '#abajoelgobierno', '#chileenhuelga', '#paronacional', '#chileencrisis', '#renunciapineira', '#estopasaenchile', '#chileviolatehumanrights', '#losmilicosnosontusamigos', '#lamarchamasgrandedechile']",[],https://twitter.com/Pollito_quiut/status/1188336257228824576,False,https://twitter.com/maitechu_mia37/status/1188253609798053888,0,,,,,,,"[{'user_id': '2984589550', 'username': 'Pollito_quiut'}]",
1188333315960508416,1188333315960508416,1572155715000,2019-10-27,02:55:15,-03,1186154031930064897,m0r0r0t,m0r0r0t,,#LosMilicosNoSonTusAmigos #Pi√±eraDictador #ChileViolatesHumanRights #ChileViolaLosDerechosHumanos #EstoNoHaTerminado #nadaquecelebrar https://twitter.com/gmilasbp/status/1188237156315271168¬†‚Ä¶,[],['https://twitter.com/gmilasbp/status/1188237156315271168'],[],0,2,1,"['#losmilicosnosontusamigos', '#pi√±eradictador', '#chileviolateshumanrights', '#chileviolalosderechoshumanos', '#estonohaterminado', '#nadaquecelebrar']",[],https://twitter.com/m0r0r0t/status/1188333315960508416,False,https://twitter.com/gmilasbp/status/1188237156315271168,0,,,,,,,"[{'user_id': '1186154031930064897', 'username': 'm0r0r0t'}]",
1188318528765644800,1188318528765644800,1572152189000,2019-10-27,01:56:29,-03,1107090229876408320,paltaconpancito,#FueraMilicosCuliaos,,"Y despu√©s los andan abrazando, we√≥n. #LosMilicosNoSonTusAmigos  https://twitter.com/PiensaPrensa/status/1188168712660144135¬†‚Ä¶",[],['https://twitter.com/PiensaPrensa/status/1188168712660144135'],[],0,0,0,['#losmilicosnosontusamigos'],[],https://twitter.com/paltaconpancito/status/1188318528765644800,False,https://twitter.com/PiensaPrensa/status/1188168712660144135,0,,,,,,,"[{'user_id': '1107090229876408320', 'username': 'paltaconpancito'}]",
1188313462155436035,1188313462155436035,1572150981000,2019-10-27,01:36:21,-03,19008589,seba__,Galleta #Pi√±eraRenuncia,,Acabo de ver un video de un tipo al que golpearon los pacos y lo dejaron tirado. Le reventaron un ojo a patadas. Sigan abrazando pacos po. #LosMilicosNoSonTusAmigos #LosPacosNoSonTusAmigos #EstoNoSeAcaba #EstoPasaEnChile,[],[],[],0,0,0,"['#losmilicosnosontusamigos', '#lospacosnosontusamigos', '#estonoseacaba', '#estopasaenchile']",[],https://twitter.com/Seba__/status/1188313462155436035,False,,0,,,,,,,"[{'user_id': '19008589', 'username': 'Seba__'}]",
1188297377616191488,1188297377616191488,1572147146000,2019-10-27,00:32:26,-03,900028112037175297,mechitasdevino,Claudia FuentesMarin,,"Y hay gente que los defiendeü§¶üèΩ‚Äç‚ôÄÔ∏è, jam√°s se olviden que si su sargento les dice disparen, ellos lo har√°n, sin importar quien sea el objetivo #LosMilicosNoSonTusAmigos #EstoNoSeAcaba #ChileNoSeRinde pic.twitter.com/dHFyem23nA",[],[],[],0,1,0,"['#losmilicosnosontusamigos', '#estonoseacaba', '#chilenoserinde']",[],https://twitter.com/mechitasdevino/status/1188297377616191488,False,,1,,,,,,,"[{'user_id': '900028112037175297', 'username': 'mechitasdevino'}]",
1188295700339138566,1188295700339138566,1572146747000,2019-10-27,00:25:47,-03,31028504,astridveas,AstridConSentimiento,,#destitucionpi√±era #chile #CHILEUNIDO #Constitucion2020 #LosMilicosNoSonTusAmigos #ChileDespierto #ESTONOSEACABA https://twitter.com/zarate620/status/1188295107532988416¬†‚Ä¶,[],['https://twitter.com/zarate620/status/1188295107532988416'],[],0,0,0,"['#destitucionpi√±era', '#chile', '#chileunido', '#constitucion2020', '#losmilicosnosontusamigos', '#chiledespierto', '#estonoseacaba']",[],https://twitter.com/AstridVeas/status/1188295700339138566,False,https://twitter.com/zarate620/status/1188295107532988416,0,,,,,,,"[{'user_id': '31028504', 'username': 'AstridVeas'}]",
1188291053763338245,1188291053763338245,1572145639000,2019-10-27,00:07:19,-03,31028504,astridveas,AstridConSentimiento,,"Jajaja el presidente tomo un descanso en su apretada agenda 
#destitucionpi√±era #chile #CHILEUNIDO #Constitucion2020 #LosMilicosNoSonTusAmigos #ChileDespierto #ESTONOSEACABA https://twitter.com/moonligxtstyles/status/1188197019380277250¬†‚Ä¶",[],['https://twitter.com/moonligxtstyles/status/1188197019380277250'],[],0,0,1,"['#destitucionpi√±era', '#chile', '#chileunido', '#constitucion2020', '#losmilicosnosontusamigos', '#chiledespierto', '#estonoseacaba']",[],https://twitter.com/AstridVeas/status/1188291053763338245,False,https://twitter.com/moonligxtstyles/status/1188197019380277250,0,,,,,,,"[{'user_id': '31028504', 'username': 'AstridVeas'}]",
1188290550392336385,1188290550392336385,1572145519000,2019-10-27,00:05:19,-03,31028504,astridveas,AstridConSentimiento,,"Siguen abusando de nuestra gente!
#destitucionpi√±era #chile #CHILEUNIDO #Constitucion2020 #LosMilicosNoSonTusAmigos #ChileDespierto #ESTONOSEACABA #ChileProtests https://twitter.com/eNgel_____/status/1188285267695865858¬†‚Ä¶",[],['https://twitter.com/eNgel_____/status/1188285267695865858'],[],0,1,1,"['#destitucionpi√±era', '#chile', '#chileunido', '#constitucion2020', '#losmilicosnosontusamigos', '#chiledespierto', '#estonoseacaba', '#chileprotests']",[],https://twitter.com/AstridVeas/status/1188290550392336385,False,https://twitter.com/eNgel_____/status/1188285267695865858,0,,,,,,,"[{'user_id': '31028504', 'username': 'AstridVeas'}]",
1188290217955991552,1188290217955991552,1572145439000,2019-10-27,00:03:59,-03,31028504,astridveas,AstridConSentimiento,,Jajajajajjaja mira tu! #destitucionpi√±era #chile #CHILEUNIDO #Constitucion2020 #LosMilicosNoSonTusAmigos #serviciomedicolegal #ESTONOSEACABA https://twitter.com/sebastianpinera/status/1188146289168539649¬†‚Ä¶,[],['https://twitter.com/sebastianpinera/status/1188146289168539649'],[],0,0,0,"['#destitucionpi√±era', '#chile', '#chileunido', '#constitucion2020', '#losmilicosnosontusamigos', '#serviciomedicolegal', '#estonoseacaba']",[],https://twitter.com/AstridVeas/status/1188290217955991552,False,https://twitter.com/sebastianpinera/status/1188146289168539649,0,,,,,,,"[{'user_id': '31028504', 'username': 'AstridVeas'}]",
